snr,inr,cap_vamp_unk,cap_lin_unk,nmse_vamp_unk,nmse_lin_unk,mse_vamp_unk,mse_lin_unk,cap_vamp,cap_lin,nmse_vamp,nmse_lin,mse_vamp,mse_lin,cap_orc,nmse_orc,mse_orc
5,30.0,3.9265113,3.896168,0.06648576,0.070730254,0.20777707,0.22141187,3.944098,3.8959231,0.06573094,0.070912465,0.20529398,0.2218405,3.959717,0.06502666,0.20307902
5,32.5,3.8776662,3.8051639,0.06875573,0.079854235,0.21579519,0.25135508,3.9097614,3.7969751,0.06713146,0.0800678,0.20983173,0.25092146,3.9533246,0.065158136,0.20359401
5,35.0,3.7298357,3.5936172,0.07611988,0.10116644,0.23888549,0.31872705,3.8627672,3.5899858,0.06943075,0.100998655,0.21599488,0.315677,3.9500284,0.06538124,0.20332292
5,37.5,3.4172714,3.1632745,0.09436696,0.14594524,0.29652995,0.46048933,3.680519,3.153689,0.07873958,0.14647864,0.24760874,0.4631884,3.9283469,0.06638501,0.20847678
5,40.0,2.8037968,2.3533826,0.1466135,0.24694976,0.46327606,0.78286916,3.44394,2.3643453,0.09275463,0.24544021,0.28865302,0.7666378,3.8798301,0.0686394,0.21331376
5,42.5,1.8358356,1.2976365,0.31121174,0.49028057,0.9778247,1.5430747,2.9148185,1.3300363,0.13368422,0.47750908,0.42089194,1.5066286,3.828111,0.07117628,0.22326005
5,45.0,0.87668115,0.4844047,0.6191585,1.031957,1.9489366,3.2375941,2.3323317,0.47667253,0.20022033,1.0370078,0.63010406,3.25758,3.6969056,0.07792814,0.24430671
5,47.5,0.29007813,0.12774199,0.8670034,2.1595588,2.7414687,6.7869473,1.9728825,0.1303679,0.25884196,2.1617541,0.8161371,6.7828503,3.5225089,0.087803856,0.27539814
5,50.0,0.0821149,0.036602806,0.9596027,4.034079,3.037995,12.670677,1.4945813,0.037177738,0.35744685,3.9971006,1.1275488,12.532712,3.262579,0.10515155,0.32969916
5,52.5,0.025444321,0.013035609,0.9871785,6.502263,3.1269288,20.393223,1.3273948,0.012533362,0.4149865,6.590359,1.3081402,20.641989,2.9126656,0.13410197,0.42010924
5,55.0,0.009477111,0.0060828305,0.99516636,9.329501,3.1608348,29.390461,1.2488214,0.004973397,0.42982525,9.406533,1.3549402,29.471405,2.515432,0.17641158,0.5533777
5,57.5,0.0033700455,0.0033484995,0.9988128,12.231415,3.1657286,38.37532,0.8098227,0.0033188376,0.64612937,12.153512,2.0433838,38.16321,2.0577023,0.242423,0.7618889
5,60.0,0.0019455445,0.0019441934,0.9997089,14.597515,3.1626112,45.744507,0.11180738,0.0019514123,0.944666,14.542877,2.998232,45.765118,1.5817876,0.3382526,1.066269
5,62.5,0.0020632097,0.0020632332,0.9996513,16.04818,3.1436195,50.01148,0.03657262,0.0017931601,0.9804267,16.143118,3.1089447,50.730183,0.95141965,0.5529258,1.7459223
5,65.0,0.0018531583,0.001853277,0.9997764,17.330427,3.1676264,54.444633,0.04266586,0.0016118714,1.012722,17.2212,3.1964724,53.857292,0.335769105,2.97123,9.56449
5,67.5,0.0015777531,0.0015771356,0.99998784,18.379951,3.138272,57.12673,0.011091424,0.0012010809,1.00411,18.190166,3.1718268,56.92725,0.040068574,6.6791034,20.506664
5,70.0,0.0014585622,0.0014590846,0.99998397,18.399176,3.1903276,58.09436,0.0032292528,0.0016267943,1.0006808,18.502815,3.1633463,57.956394,0.007698195,22.365551,71.91206
10,30.0,5.504272,5.39319,0.022266084,0.02725811,0.22015698,0.27020013,5.5167193,5.3847976,0.022085436,0.027444445,0.21834326,0.27206457,5.5533977,0.021533387,0.21286228
10,32.5,5.344738,5.148481,0.024866475,0.036713026,0.24607311,0.3648706,5.478368,5.1422396,0.022680538,0.036879413,0.22435515,0.36658096,5.5566773,0.021489155,0.2124935
10,35.0,5.0498567,4.700178,0.030425685,0.058124725,0.3018245,0.5791881,5.188464,4.717887,0.027662607,0.057621088,0.2744687,0.5744861,5.5496173,0.021568991,0.21367246
10,37.5,4.5016484,4.043478,0.04443952,0.09955173,0.44217038,0.9946439,4.5723524,4.037599,0.042317722,0.10002244,0.42137548,1.0000641,5.524399,0.02198201,0.21775557
10,40.0,3.7134664,3.1368303,0.076873764,0.17728363,0.7664592,1.7731848,4.516794,3.1323385,0.044081934,0.17743658,0.43698552,1.7663339,5.477808,0.022670409,0.2241379
10,42.5,2.6895792,2.0435903,0.16162243,0.31646973,1.6150825,3.1681213,3.981818,2.0454965,0.06397889,0.31729957,0.6331292,3.147727,5.399069,0.023931473,0.2359034
10,45.0,1.5754068,0.98715854,0.37537605,0.5792103,3.7009995,5.717026,3.1011817,0.9996842,0.12067382,0.5750017,1.2069299,5.7402277,5.285139,0.025923759,0.2578128
10,47.5,0.69387084,0.3544594,0.6814554,1.0264165,6.7771034,10.181319,2.5394912,0.35171622,0.17890355,1.028687,1.774603,10.176467,5.07854,0.029914333,0.29466355
10,50.0,0.23746552,0.107881166,0.8842573,1.7409114,8.845684,17.298859,2.2088053,0.11045071,0.22422212,1.7328084,2.2422051,17.227015,4.81528,0.035893578,0.3562544
10,52.5,0.07492962,0.036918595,0.9611865,2.6975327,9.608419,26.806301,1.9624343,0.036490444,0.26431525,2.6682124,2.6477876,26.566866,4.43737,0.046639528,0.46357384
10,55.0,0.025410982,0.015080409,0.9863832,3.6934667,9.8192,36.49415,1.2950822,0.013976952,0.4252956,3.7244375,4.2464995,36.97509,3.9634898,0.06479068,0.6421525
10,57.5,0.010262384,0.0068146545,0.99477816,4.708604,9.970535,46.84221,0.9315734,0.0066232635,0.6839883,4.7304726,6.853122,47.03237,3.4023604,0.09547735,0.9490913
10,60.0,0.0039956192,0.0039379015,0.99813926,5.552553,9.943588,54.93484,0.07716749,0.0033315197,0.9656429,5.5257387,9.6685705,54.88628,2.7793815,0.14732271,1.4625808
10,62.5,0.002555578,0.0025541359,0.9994581,6.235978,9.904077,61.28609,0.84112823,0.0022796197,0.65423346,6.180662,6.5193386,61.071327,2.0116656,0.25433767,2.52378
10,65.0,0.0020729657,0.0020729937,0.99953467,6.5547643,10.006984,65.09751,0.045826774,0.002122766,0.97680634,6.533903,9.82352,65.2117,0.9914908,0.63933027,6.306737
10,67.5,0.0023437405,0.00234425,0.99961275,6.8038287,9.9870615,67.395515,0.0024199614,0.0017527854,1.0083519,6.9058914,10.068042,68.367165,0.23680848,2.5328312,25.507938
10,70.0,0.0017516952,0.0017514578,0.9998454,6.9667645,9.974814,68.94592,0.15425256,0.0015026741,0.95087934,7.050675,9.491233,69.799614,0.06034459,7.1099396,69.852104
